{"SliceTiming": [0.0, 1.0, 0.06666666666666667, 1.0666666666666667, 0.13333333333333333, 1.1333333333333333, 0.2, 1.2, 0.26666666666666666, 1.2666666666666666, 0.3333333333333333, 1.3333333333333333, 0.4, 1.4, 0.4666666666666667, 1.4666666666666666, 0.5333333333333333, 1.5333333333333334, 0.6, 1.6, 0.6666666666666666, 1.6666666666666667, 0.7333333333333333, 1.7333333333333334, 0.8, 1.8, 0.8666666666666667, 1.8666666666666667, 0.9333333333333333, 1.9333333333333333, 0.0, 1.0, 0.06666666666666667, 1.0666666666666667, 0.13333333333333333, 1.1333333333333333, 0.2, 1.2, 0.26666666666666666, 1.2666666666666666, 0.3333333333333333, 1.3333333333333333, 0.4, 1.4, 0.4666666666666667, 1.4666666666666666, 0.5333333333333333, 1.5333333333333334, 0.6, 1.6, 0.6666666666666666, 1.6666666666666667, 0.7333333333333333, 1.7333333333333334, 0.8, 1.8, 0.8666666666666667, 1.8666666666666667, 0.9333333333333333, 1.9333333333333333], "FlipAngle": 77.0, "RepetitionTime": 2.0, "IntendedFor": ["ses-01/func/sub-0027_ses-01_task-cont_run-01_bold.nii.gz", "ses-01/func/sub-0027_ses-01_task-cont_run-02_bold.nii.gz", "ses-01/func/sub-0027_ses-01_task-cont_run-03_bold.nii.gz", "ses-01/func/sub-0027_ses-01_task-disp_run-01_bold.nii.gz", "ses-01/func/sub-0027_ses-01_task-disp_run-02_bold.nii.gz", "ses-01/func/sub-0027_ses-01_task-disp_run-03_bold.nii.gz", "ses-01/func/sub-0027_ses-01_task-disp_run-04_bold.nii.gz", "ses-01/func/sub-0027_ses-01_task-mot_run-01_bold.nii.gz", "ses-01/func/sub-0027_ses-01_task-mot_run-02_bold.nii.gz", "ses-01/func/sub-0027_ses-01_task-mot_run-03_bold.nii.gz", "ses-01/func/sub-0027_ses-01_task-mot_run-04_bold.nii.gz"], "Units": "Hz", "PhaseEncodingDirection": "j", "EffectiveEchoSpacing": 0.000306, "EchoTime": 0.03, "TotalReadoutTime": 0.033354}